[
    {
        "path": "1200px-DSC_4623_(48105257002).jpg",
        "Id": 1,
        "Category": "airplane",
        "Color": "silver",
        "size": [
            1200,
            800
        ]
    },
    {
        "path": "1200px-N360PZ_(40499790530).jpg",
        "Id": 2,
        "Category": "airplane",
        "Color": "darkslategray",
        "size": [
            1200,
            533
        ]
    },
    {
        "path": "Royal_International_Air_Tattoo.jpg",
        "Id": 4,
        "Category": "airplane",
        "Color": "white",
        "size": [
            1200,
            800
        ]
    },
    {
        "path": "RG-7_Soim_(1958).jpg",
        "Id": 5,
        "Category": "airplane",
        "Color": "gainsboro",
        "size": [
            1055,
            527
        ]
    },
    {
        "path": "Boeing_737-33A_Fischer_Air_AN0989291.jpg",
        "Id": 6,
        "Category": "airplane",
        "Color": "silver",
        "size": [
            1200,
            800
        ]
    },
    {
        "path": "HP.81_Hermes_4_G-ALDT_Air_Safaris_Ringway_12.08.61_edited-3.jpg",
        "Id": 7,
        "Category": "airplane",
        "Color": "lightslategray",
        "size": [
            1014,
            546
        ]
    },
    {
        "path": "IndioCat.jpg",
        "Id": 8,
        "Category": "cat",
        "Color": "black",
        "size": [
            563,
            682
        ]
    },
    {
        "path": "Socks_the_Cat_Explores.jpg",
        "Id": 9,
        "Category": "cat",
        "Color": "darkslategray",
        "size": [
            1199,
            795
        ]
    },
    {
        "path": "NoraPianoCat.jpg",
        "Id": 10,
        "Category": "cat",
        "Color": "black",
        "size": [
            180,
            204
        ]
    },
    {
        "path": "Sockington_from_above.jpg",
        "Id": 11,
        "Category": "cat",
        "Color": "black",
        "size": [
            1024,
            683
        ]
    },
    {
        "path": "1200px-Fat_cat_asleep.jpg",
        "Id": 12,
        "Category": "cat",
        "Color": "rosybrown",
        "size": [
            1200,
            900
        ]
    },
    {
        "path": "F._D._C._Willard.jpg",
        "Id": 13,
        "Category": "cat",
        "Color": "blanchedalmond",
        "size": [
            350,
            249
        ]
    },
    {
        "path": "Mr_Nuts_Executive_Portrait.jpg",
        "Id": 14,
        "Category": "cat",
        "Color": "black",
        "size": [
            403,
            403
        ]
    },
    {
        "path": "Mrschippy2.png",
        "Id": 15,
        "Category": "cat",
        "Color": "darkslategray",
        "size": [
            68,
            147
        ]
    },
    {
        "path": "Larry_the_Cat.jpg",
        "Id": 16,
        "Category": "cat",
        "Color": "dimgray",
        "size": [
            1200,
            800
        ]
    },
    {
        "path": "Celestial_spiral_with_a_twist.jpg",
        "Id": 17,
        "Category": "star",
        "Color": "maroon",
        "size": [
            899,
            900
        ]
    },
    {
        "path": "NGC_2148_DSS.jpg",
        "Id": 18,
        "Category": "star",
        "Color": "black",
        "size": [
            1187,
            785
        ]
    },
    {
        "path": "NGC6960_Veil_Nebula.jpg",
        "Id": 19,
        "Category": "star",
        "Color": "black",
        "size": [
            1200,
            793
        ]
    },
    {
        "path": "1133px-Orion_Belt.jpg",
        "Id": 20,
        "Category": "star",
        "Color": "black",
        "size": [
            1133,
            900
        ]
    },
    {
        "path": "RedDwarfNASA.jpg",
        "Id": 21,
        "Category": "star",
        "Color": "black",
        "size": [
            1164,
            899
        ]
    },
    {
        "path": "Ngc6578.jpg",
        "Id": 22,
        "Category": "star",
        "Color": "black",
        "size": [
            456,
            491
        ]
    },
    {
        "path": "1200px-Honda_Civic_typeR.jpg",
        "Id": 23,
        "Category": "car",
        "Color": "dimgray",
        "size": [
            1199,
            798
        ]
    },
    {
        "path": "1962-ferrari-archives.jpg",
        "Id": 24,
        "Category": "car",
        "Color": "black",
        "size": [
            1200,
            720
        ]
    },
    {
        "path": "1200px-Ferrari_250_California_Spyder_SWB.jpg",
        "Id": 25,
        "Category": "car",
        "Color": "gray",
        "size": [
            1200,
            800
        ]
    },
    {
        "path": "1200px-Laffly_V15_Saumur_01.jpg",
        "Id": 26,
        "Category": "car",
        "Color": "darkslategray",
        "size": [
            1200,
            900
        ]
    },
    {
        "path": "1954_Ferrari_375_Plus_34.jpg",
        "Id": 27,
        "Category": "car",
        "Color": "firebrick",
        "size": [
            1027,
            610
        ]
    },
    {
        "path": "Compigne_(60)_muse_de_la_Voiture_Break_automobile_Delahaye_1897_1.jpg",
        "Id": 28,
        "Category": "car",
        "Color": "rosybrown",
        "size": [
            1200,
            900
        ]
    },
    {
        "path": "1200px-Audi_e-tron_(Edit1).jpg",
        "Id": 29,
        "Category": "car",
        "Color": "black",
        "size": [
            1200,
            800
        ]
    },
    {
        "path": "1200px-1972alfaromeo1300gtfront.jpg",
        "Id": 30,
        "Category": "car",
        "Color": "black",
        "size": [
            1200,
            684
        ]
    },
    {
        "path": "car1.jpg",
        "Id": 31,
        "Category": "car",
        "Color": "black",
        "size": [
            1200,
            644
        ]
    },
    {
        "path": "1200px-Ferrari_250_Europa.jpg",
        "Id": 32,
        "Category": "car",
        "Color": "darkslategray",
        "size": [
            1200,
            750
        ]
    },
    {
        "path": "Paris_-_Salon_de_la_moto_2011_-_Aprilia_-_SRV_850_-_001.jpg",
        "Id": 35,
        "Category": "motorbike",
        "Color": "darkslategray",
        "size": [
            1200,
            800
        ]
    },
    {
        "path": "1200px-Kawasaki_Vulcan_1500_(2000).jpg",
        "Id": 37,
        "Category": "motorbike",
        "Color": "darkgray",
        "size": [
            1200,
            900
        ]
    },
    {
        "path": "Malanca_125_white.jpg",
        "Id": 38,
        "Category": "motorbike",
        "Color": "black",
        "size": [
            567,
            343
        ]
    },
    {
        "path": "KTM_MotoGP_Bike_RC16.jpg",
        "Id": 40,
        "Category": "motorbike",
        "Color": "darkslategray",
        "size": [
            1200,
            803
        ]
    },
    {
        "path": "Aprilia_Tuono_1000R_black.jpg",
        "Id": 41,
        "Category": "motorbike",
        "Color": "lavender",
        "size": [
            1200,
            800
        ]
    },
    {
        "path": "1199px-Ogar_4_(1939).jpg",
        "Id": 42,
        "Category": "motorbike",
        "Color": "gainsboro",
        "size": [
            1199,
            899
        ]
    },
    {
        "path": "ConcordGrapes.jpg",
        "Id": 43,
        "Category": "fruit",
        "Color": "olive",
        "size": [
            659,
            705
        ]
    },
    {
        "path": "1200px-Melons_du_Quercy_sur_un_march.jpg",
        "Id": 44,
        "Category": "fruit",
        "Color": "gray",
        "size": [
            1200,
            900
        ]
    },
    {
        "path": "1200px-Rode_bessen_(Ribes_rubrum).jpg",
        "Id": 46,
        "Category": "fruit",
        "Color": "dimgray",
        "size": [
            1200,
            852
        ]
    },
    {
        "path": "1200px-Pyrus_pyrifolia.jpg",
        "Id": 47,
        "Category": "fruit",
        "Color": "white",
        "size": [
            1200,
            579
        ]
    },
    {
        "path": "Garcinia_mangostana.jpg",
        "Id": 48,
        "Category": "fruit",
        "Color": "aliceblue",
        "size": [
            2592,
            1944
        ]
    },
    {
        "path": "1200px-Litchi_chinensis_on_black_background.png",
        "Id": 49,
        "Category": "fruit",
        "Color": "black",
        "size": [
            1200,
            900
        ]
    },
    {
        "path": "Badea.jpg",
        "Id": 50,
        "Category": "fruit",
        "Color": "darkgray",
        "size": [
            1061,
            900
        ]
    },
    {
        "path": "Whole_melon.jpg",
        "Id": 51,
        "Category": "fruit",
        "Color": "darkslategray",
        "size": [
            1200,
            900
        ]
    },
    {
        "path": "1200px-Purple_mangosteen.jpg",
        "Id": 52,
        "Category": "fruit",
        "Color": "snow",
        "size": [
            1200,
            637
        ]
    },
    {
        "path": "1200px-Nephelium_lappaceum201907mx.jpg",
        "Id": 53,
        "Category": "fruit",
        "Color": "gainsboro",
        "size": [
            1200,
            856
        ]
    },
    {
        "path": "1199px-Pomelo_fruit.jpg",
        "Id": 54,
        "Category": "fruit",
        "Color": "dimgray",
        "size": [
            1199,
            899
        ]
    },
    {
        "path": "Star_the_Dog.jpg",
        "Id": 55,
        "Category": "dog",
        "Color": "darkolivegreen",
        "size": [
            1122,
            899
        ]
    },
    {
        "path": "Rex_Cavalier_King_Charles_Spaniel.jpg",
        "Id": 56,
        "Category": "dog",
        "Color": "rosybrown",
        "size": [
            669,
            417
        ]
    },
    {
        "path": "Wasao.jpg",
        "Id": 57,
        "Category": "dog",
        "Color": "gainsboro",
        "size": [
            1200,
            900
        ]
    },
    {
        "path": "Dylan_(perro).jpg",
        "Id": 58,
        "Category": "dog",
        "Color": "dimgray",
        "size": [
            235,
            380
        ]
    },
    {
        "path": "Sergeant_Stubby.jpg",
        "Id": 60,
        "Category": "dog",
        "Color": "gray",
        "size": [
            574,
            480
        ]
    },
    {
        "path": "Shibainu_Maru.jpg",
        "Id": 61,
        "Category": "dog",
        "Color": "lightskyblue",
        "size": [
            1200,
            800
        ]
    },
    {
        "path": "Ulex_europaeus3.jpg",
        "Id": 62,
        "Category": "flower",
        "Color": "darkolivegreen",
        "size": [
            640,
            480
        ]
    }
]